INSERT INTO ECOMMERCE.CLIENTE (NOME_COMPLETO, EMAIL, SENHA, TELEFONE, DATA_CADASTRO) 
VALUES
('ANA PAULA RIBEIRO', 'ANA.RIBEIRO@EXAMPLE.COM', 'SENHA123', '(11) 98765-4321', '2024-05-10'),
('BRUNO HENRIQUE SILVA', 'BRUNO.SILVA@EXAMPLE.COM', 'ABC@1234', '(21) 99876-5432', '2023-12-01'),
('CARLA MENDES LIMA', 'CARLA.LIMA@EXAMPLE.COM', 'CARLA2024', '(31) 91234-5678', '2025-01-15'),
('DIEGO SANTOS OLIVEIRA', 'DIEGO.OLIVEIRA@EXAMPLE.COM', 'DIEG0!2023', '(41) 93456-7890', '2023-11-20'),
('ELAINE SOUZA FERREIRA', 'ELAINE.FERREIRA@EXAMPLE.COM', 'EFERREIRA!', '(51) 97654-3210', '2024-02-25');

INSERT INTO ECOMMERCE.CATEGORIA (NOME_CATEGORIA, DESCRICAO) 
VALUES
('ELETRÔNICOS', 'PRODUTOS ELETRÔNICOS COMO CELULARES, COMPUTADORES E ACESSÓRIOS.'),
('MODA', 'ROUPAS, CALÇADOS E ACESSÓRIOS DE MODA PARA TODAS AS IDADES.'),
('BELEZA', 'PRODUTOS DE CUIDADOS PESSOAIS, MAQUIAGEM E COSMÉTICOS.'),
('ALIMENTOS', 'PRODUTOS ALIMENTÍCIOS FRESCOS, CONGELADOS E ENLATADOS.'),
('MÓVEIS', 'MÓVEIS PARA CASA, ESCRITÓRIO E DECORAÇÃO.'),
('ESPORTES', 'EQUIPAMENTOS E ACESSÓRIOS ESPORTIVOS PARA DIVERSAS MODALIDADES.'),
('BRINQUEDOS', 'BRINQUEDOS E JOGOS PARA CRIANÇAS DE VÁRIAS IDADES.'),
('LIVROS', 'LIVROS DE DIVERSOS GÊNEROS E PARA TODAS AS IDADES.');

INSERT INTO ECOMMERCE.ENDERECO_DE_ENTREGA (CLIENTE_ID, LOGRADOURO, NUMERO, COMPLEMENTO, BAIRRO, CIDADE, ESTADO, CEP) 
VALUES
(1, 'RUA DAS FLORES', 123, 'APTO 101', 'JARDIM PRIMAVERA', 'SÃO PAULO', 'SP', '01001-000'),
(2, 'AVENIDA BRASIL', 456, 'CASA', 'CENTRO', 'RIO DE JANEIRO', 'RJ', '20010-020'),
(3, 'TRAVESSA DA PAZ', 789, '', 'VILA NOVA', 'BELO HORIZONTE', 'MG', '30120-030'),
(4, 'RUA DAS PALMEIRAS', 321, 'BLOCO B', 'CENTRO', 'CURITIBA', 'PR', '80020-040'),
(5, 'ALAMEDA SANTOS', 654, 'SALA 5', 'JARDINS', 'SÃO PAULO', 'SP', '01419-001');

INSERT INTO ECOMMERCE.PRODUTO (CATEGORIA_ID, NOME_PRODUTO, DESCRICAO, PRECO, ESTOQUE_DISPONIVEL) 
VALUES
(1, 'SMARTPHONE ANDROID 128GB', 'SMARTPHONE COM TELA AMOLED 6.5", CÂMERA TRIPLA E 128GB DE ARMAZENAMENTO.', 1799.00, 50),
(1, 'NOTEBOOK I5 8GB RAM 256GB SSD', 'NOTEBOOK COM PROCESSADOR INTEL I5, 8GB DE RAM E SSD DE 256GB.', 3299.00, 30),

(2, 'JAQUETA JEANS OVERSIZED', 'JAQUETA JEANS COM CORTE OVERSIZED, ESTILO URBANO E BOLSOS FRONTAIS.', 199.90, 40),
(2, 'TÊNIS BRANCO CASUAL', 'TÊNIS CASUAL UNISSEX EM COURO SINTÉTICO COM SOLADO EMBORRACHADO.', 149.90, 75),

(3, 'CREME HIDRATANTE CORPORAL', 'HIDRATANTE CORPORAL COM MANTEIGA DE KARITÉ E RÁPIDA ABSORÇÃO.', 34.90, 120),
(3, 'SHAMPOO NUTRITIVO 300ML', 'SHAMPOO COM ÓLEO DE ARGAN, IDEAL PARA CABELOS SECOS E DANIFICADOS.', 29.90, 100),

(4, 'ARROZ INTEGRAL 1KG', 'ARROZ INTEGRAL ORGÂNICO, FONTE DE FIBRAS E IDEAL PARA DIETAS SAUDÁVEIS.', 7.90, 200),
(4, 'FEIJÃO PRETO 1KG', 'FEIJÃO PRETO SELECIONADO, IDEAL PARA PREPARO DE FEIJOADA E PRATOS TÍPICOS.', 8.50, 180),

(6, 'BOLA DE BASQUETE PROFISSIONAL', 'BOLA DE BASQUETE EM COURO SINTÉTICO, IDEAL PARA QUADRAS INDOOR E OUTDOOR.', 139.90, 75),
(6, 'CAMISA ESPORTIVA DRY-FIT', 'CAMISA DRY-FIT COM TECNOLOGIA DE ABSORÇÃO DE SUOR, IDEAL PARA TREINOS.', 59.90, 150),

(7, 'CARRINHO DE CONTROLE REMOTO', 'CARRINHO ELÉTRICO COM CONTROLE REMOTO, ALCANCE DE 30 METROS.', 149.90, 50),
(7, 'QUEBRA-CABEÇA 500 PEÇAS', 'QUEBRA-CABEÇA COLORIDO COM 500 PEÇAS, PARA TODAS AS IDADES.', 59.90, 80),

(8, 'A ARTE DA GUERRA', 'LIVRO CLÁSSICO DE ESTRATÉGIA MILITAR ESCRITO POR SUN TZU.', 39.90, 120),
(8, 'DOM CASMURRO', 'ROMANCE DE MACHADO DE ASSIS SOBRE AMOR E CIÚMES.', 29.90, 100);


INSERT INTO ECOMMERCE.PEDIDO(CLIENTE_ID, ENDERECO_ID, DATA_PEDIDO, VALOR_TOTAL, STATUS) VALUES
(3, 3, '2025-08-28 14:23:00', 1799.00, 'Processando'),
(1, 1, '2025-08-29 09:15:00', 82.00, 'Pendente'),
(2, 2, '2025-08-30 17:45:00', 3299.00, 'Cancelado'),
(4, 4, '2025-08-31 12:30:00', 149.90, 'Enviado'),
(5, 5, '2025-09-01 11:00:00', 139.90, 'Enviado');

INSERT INTO ECOMMERCE.ITEM_DO_PEDIDO(PEDIDO_ID, PRODUTO_ID, QUANTIDADE) 
VALUES 
(2, 1, 1),
(3, 7, 5),
(3, 8, 5),
(4, 2, 1),
(5, 11, 1),
(6, 9, 1);

INSERT INTO ECOMMERCE.PAGAMENTO(PEDIDO_ID, FORMA_PAGAMENTO, STATUS, DATA_PAGAMENTO)
VALUES  (2, 'CARTÃO DE CRÉDITO', 'APROVADO', '2025-08-28 14:33:00-03'),
		(3,'CARTÃO DE CRÉDITO', 'PENDENTE', '2025-08-29 09:15:00-03'),
		(4,'CARTÃO DE CRÉDITO', 'RECUSADO', '2025-08-30 17:48:00-03'),
		(5,'PIX', 'APROVADO', '2025-08-31 12:30:00-03'),
		(6,'BOLETO', 'APROVADO', '2025-09-02 11:06:00-03');


SELECT * FROM ECOMMERCE.CLIENTE;
SELECT * FROM ECOMMERCE.CATEGORIA;
SELECT * FROM ECOMMERCE.ENDERECO_DE_ENTREGA;
SELECT * FROM ECOMMERCE.PRODUTO;
SELECT * FROM ECOMMERCE.PEDIDO;
SELECT * FROM ECOMMERCE.ITEM_DO_PEDIDO;


/*
INSERT INTO ECOMMERCE.CLIENTE (NOME_COMPLETO, EMAIL, SENHA, TELEFONE, DATA_CADASTRO) 
VALUES
('ANA PAULA RIBEIRO', 'ANA.RIBEIRO@EXAMPLE.COM', 'SENHA123', '(11) 98765-4321', '2024-05-10'),
('BRUNO HENRIQUE SILVA', 'BRUNO.SILVA@EXAMPLE.COM', 'ABC@1234', '(21) 99876-5432', '2023-12-01'),
('CARLA MENDES LIMA', 'CARLA.LIMA@EXAMPLE.COM', 'CARLA2024', '(31) 91234-5678', '2025-01-15'),
('DIEGO SANTOS OLIVEIRA', 'DIEGO.OLIVEIRA@EXAMPLE.COM', 'DIEG0!2023', '(41) 93456-7890', '2023-11-20'),
('ELAINE SOUZA FERREIRA', 'ELAINE.FERREIRA@EXAMPLE.COM', 'EFERREIRA!', '(51) 97654-3210', '2024-02-25'),
('FÁBIO CASTRO MENEZES', 'FABIO.MENEZES@EXAMPLE.COM', 'FABI0CASTRO', '(61) 98712-3456', '2025-04-10'),
('GISELE ROCHA NOGUEIRA', 'GISELE.NOGUEIRA@EXAMPLE.COM', 'GISELE#2023', '(71) 91234-9876', '2023-10-05'),
('HENRIQUE LIMA DUARTE', 'HENRIQUE.DUARTE@EXAMPLE.COM', 'HDUARTE22', '(81) 99887-6655', '2024-08-18'),
('ISADORA MARTINS COSTA', 'ISADORA.COSTA@EXAMPLE.COM', 'ISAMAR123', '(91) 97654-8877', '2025-03-30'),
('JOÃO PEDRO ALMEIDA', 'JOAO.ALMEIDA@EXAMPLE.COM', 'JP_ALMEIDA!', '(31) 93456-7788', '2024-06-22'),
('LUCAS ALMEIDA PEREIRA', 'LUCAS.PEREIRA@EXAMPLE.COM', 'LUCASP@123', '(11) 91234-5678', '2024-07-10 10:30:00'),
('MARIANA SILVA COSTA', 'MARIANA.COSTA@EXAMPLE.COM', 'MARIANA!456', '(21) 99876-4321', '2023-09-15 14:45:00'),
('PEDRO HENRIQUE SOUZA', 'PEDRO.SOUZA@EXAMPLE.COM', 'PEDRO789', '(31) 93456-1234', '2025-02-20 09:10:00'),
('AMANDA OLIVEIRA ROCHA', 'AMANDA.ROCHA@EXAMPLE.COM', 'AMANDA@2024', '(41) 98765-4321', '2023-11-05 18:20:00'),
('FELIPE SANTOS LIMA', 'FELIPE.LIMA@EXAMPLE.COM', 'FELIPE#321', '(51) 97654-2109', '2024-03-25 07:50:00'),
('BIANCA MARTINS NUNES', 'BIANCA.NUNES@EXAMPLE.COM', 'BIANCA$2023', '(61) 99887-6543', '2025-05-15 13:40:00'),
('GUSTAVO ROCHA MENDES', 'GUSTAVO.MENDES@EXAMPLE.COM', 'GUSTAVO999', '(71) 91234-8765', '2023-10-10 12:05:00'),
('JULIANA CASTRO FERNANDES', 'JULIANA.FERNANDES@EXAMPLE.COM', 'JULIANA@789', '(81) 98765-4320', '2024-08-18 15:55:00'),
('RENATO CARVALHO ALVES', 'RENATO.ALVES@EXAMPLE.COM', 'RENATO#111', '(91) 97654-4433', '2025-01-30 10:15:00'),
('SABRINA LIMA TORRES', 'SABRINA.TORRES@EXAMPLE.COM', 'SABRINA123', '(31) 93456-7788', '2024-06-22 16:45:00');



INSERT INTO ECOMMERCE.CATEGORIA (NOME_CATEGORIA, DESCRICAO) 
VALUES
('ELETRÔNICOS', 'PRODUTOS ELETRÔNICOS COMO CELULARES, COMPUTADORES E ACESSÓRIOS.'),
('MODA', 'ROUPAS, CALÇADOS E ACESSÓRIOS DE MODA PARA TODAS AS IDADES.'),
('BELEZA', 'PRODUTOS DE CUIDADOS PESSOAIS, MAQUIAGEM E COSMÉTICOS.'),
('ALIMENTOS', 'PRODUTOS ALIMENTÍCIOS FRESCOS, CONGELADOS E ENLATADOS.'),
('MÓVEIS', 'MÓVEIS PARA CASA, ESCRITÓRIO E DECORAÇÃO.'),
('ESPORTES', 'EQUIPAMENTOS E ACESSÓRIOS ESPORTIVOS PARA DIVERSAS MODALIDADES.'),
('BRINQUEDOS', 'BRINQUEDOS E JOGOS PARA CRIANÇAS DE VÁRIAS IDADES.'),
('LIVROS', 'LIVROS DE DIVERSOS GÊNEROS E PARA TODAS AS IDADES.'),
('AUTOMOTIVO', 'PEÇAS, ACESSÓRIOS E PRODUTOS PARA VEÍCULOS AUTOMOTORES.'),
('INFORMÁTICA', 'COMPUTADORES, PERIFÉRICOS, SOFTWARES E ACESSÓRIOS.'),
('JARDINAGEM', 'FERRAMENTAS E PRODUTOS PARA JARDINAGEM E PAISAGISMO.'),
('SAÚDE', 'PRODUTOS PARA SAÚDE, BEM-ESTAR E CUIDADOS MÉDICOS.'),
('CASA E COZINHA', 'UTENSÍLIOS DOMÉSTICOS, ELETRODOMÉSTICOS E ARTIGOS PARA COZINHA.'),
('PAPELARIA', 'MATERIAIS DE ESCRITÓRIO, ESCOLAR E PAPELARIA EM GERAL.'),
('TELEFONIA', 'APARELHOS TELEFÔNICOS, SMARTPHONES E ACESSÓRIOS RELACIONADOS.');



INSERT INTO ECOMMERCE.ENDERECO_DE_ENTREGA (CLIENTE_ID, LOGRADOURO, NUMERO, COMPLEMENTO, BAIRRO, CIDADE, ESTADO, CEP) 
VALUES
(1, 'RUA DAS FLORES', 123, 'APTO 101', 'JARDIM PRIMAVERA', 'SÃO PAULO', 'SP', '01001-000'),
(2, 'AVENIDA BRASIL', 456, 'CASA', 'CENTRO', 'RIO DE JANEIRO', 'RJ', '20010-020'),
(3, 'TRAVESSA DA PAZ', 789, '', 'VILA NOVA', 'BELO HORIZONTE', 'MG', '30120-030'),
(4, 'RUA DAS PALMEIRAS', 321, 'BLOCO B', 'CENTRO', 'CURITIBA', 'PR', '80020-040'),
(5, 'ALAMEDA SANTOS', 654, 'SALA 5', 'JARDINS', 'SÃO PAULO', 'SP', '01419-001'),
(6, 'PRAÇA SETE', 987, '', 'CENTRO', 'BELO HORIZONTE', 'MG', '30110-050'),
(7, 'RUA DAS ACÁCIAS', 135, 'CASA', 'VILA MARIANA', 'SÃO PAULO', 'SP', '04110-060'),
(8, 'AVENIDA ATLÂNTICA', 246, 'APTO 502', 'COPACABANA', 'RIO DE JANEIRO', 'RJ', '22070-070'),
(9, 'RUA DAS ORQUÍDEAS', 357, '', 'JARDIM AMÉRICA', 'SÃO PAULO', 'SP', '01449-080'),
(10, 'TRAVESSA DOS JASMINS', 468, 'APTO 201', 'CENTRO', 'FORTALEZA', 'CE', '60010-090'),
(11, 'RUA DAS HORTÊNSIAS', 579, '', 'LOURDES', 'BELO HORIZONTE', 'MG', '30140-100'),
(12, 'AVENIDA DOS BANDEIRANTES', 680, 'BLOCO C', 'MOEMA', 'SÃO PAULO', 'SP', '04532-110'),
(13, 'RUA DO SOL', 791, '', 'CENTRO', 'PORTO ALEGRE', 'RS', '90010-120'),
(14, 'RUA DAS ROSAS', 802, 'CASA', 'JARDIM BOTÂNICO', 'CURITIBA', 'PR', '80210-130'),
(15, 'AVENIDA PAULISTA', 913, 'SALA 101', 'BELA VISTA', 'SÃO PAULO', 'SP', '01311-140'),
(16, 'RUA DO COMÉRCIO', 124, '', 'CENTRO', 'RECIFE', 'PE', '50010-150'),
(17, 'RUA DA PRAIA', 235, 'APTO 303', 'BOA VIAGEM', 'RECIFE', 'PE', '51020-160'),
(18, 'TRAVESSA DO CARMO', 346, '', 'CENTRO', 'SALVADOR', 'BA', '40010-170'),
(19, 'RUA DAS LARANJEIRAS', 457, 'CASA', 'LARANJEIRAS', 'RIO DE JANEIRO', 'RJ', '22240-180'),
(20, 'AVENIDA IPIRANGA', 568, '', 'CENTRO', 'PORTO ALEGRE', 'RS', '90020-190'),
(21, 'RUA DOS ANDRADAS', 679, 'APTO 404', 'CENTRO HISTÓRICO', 'PORTO ALEGRE', 'RS', '90030-200');


SELECT * FROM ECOMMERCE.ENDERECO_DE_ENTREGA

INSERT INTO ECOMMERCE.PRODUTO	(CATEGORIA_ID, NOME_PRODUTO, DESCRICAO, PRECO, ESTOQUE_DISPONIVEL) VALUES
(6, 'BOLA DE BASQUETE PROFISSIONAL', 'BOLA DE BASQUETE EM COURO SINTÉTICO, IDEAL PARA QUADRAS INDOOR E OUTDOOR.', 139.90, 75),
(6, 'CAMISA ESPORTIVA DRY-FIT', 'CAMISA DRY-FIT COM TECNOLOGIA DE ABSORÇÃO DE SUOR, IDEAL PARA TREINOS.', 59.90, 150),
(6, 'HALTER EMBORRACHADO 10KG', 'PAR DE HALTERES EMBORRACHADOS COM PEGADA ANATÔMICA.', 189.00, 40),
(6, 'GARRAFA TÉRMICA 1L', 'GARRAFA TÉRMICA ESPORTIVA COM ISOLAMENTO TÉRMICO DE ATÉ 12 HORAS.', 79.50, 200),
(6, 'BICICLETA SPEED ARO 700', 'BICICLETA SPEED COM QUADRO DE ALUMÍNIO E 21 MARCHAS.', 1999.00, 20),

(1, 'SMARTPHONE ANDROID 128GB', 'SMARTPHONE COM TELA AMOLED 6.5", CÂMERA TRIPLA E 128GB DE ARMAZENAMENTO.', 1799.00, 50),
(1, 'NOTEBOOK I5 8GB RAM 256GB SSD', 'NOTEBOOK COM PROCESSADOR INTEL I5, 8GB DE RAM E SSD DE 256GB.', 3299.00, 30),
(1, 'FONE DE OUVIDO BLUETOOTH', 'FONE SEM FIO COM CANCELAMENTO DE RUÍDO E ESTOJO CARREGADOR.', 249.90, 100),
(1, 'SMART TV 50" 4K', 'SMART TV COM RESOLUÇÃO 4K UHD, WI-FI INTEGRADO E APLICATIVOS EMBARCADOS.', 2599.00, 25),
(1, 'CARREGADOR TURBO USB-C 30W', 'CARREGADOR RÁPIDO COM TECNOLOGIA POWER DELIVERY E ENTRADA USB-C.', 89.90, 150),

(2, 'JAQUETA JEANS OVERSIZED', 'JAQUETA JEANS COM CORTE OVERSIZED, ESTILO URBANO E BOLSOS FRONTAIS.', 199.90, 40),
(2, 'TÊNIS BRANCO CASUAL', 'TÊNIS CASUAL UNISSEX EM COURO SINTÉTICO COM SOLADO EMBORRACHADO.', 149.90, 75),
(2, 'VESTIDO MIDI ESTAMPADO', 'VESTIDO MIDI COM ESTAMPA FLORAL, ALÇAS FINAS E TECIDO LEVE.', 179.00, 50),
(2, 'CAMISA SOCIAL SLIM FIT', 'CAMISA SOCIAL MASCULINA COM CORTE SLIM E TECIDO DE ALGODÃO.', 129.90, 60),
(2, 'BOLSA FEMININA TRANSVERSAL', 'BOLSA TRANSVERSAL PEQUENA COM ALÇA AJUSTÁVEL E FECHO MAGNÉTICO.', 89.90, 90),

(3, 'CREME HIDRATANTE CORPORAL', 'HIDRATANTE CORPORAL COM MANTEIGA DE KARITÉ E RÁPIDA ABSORÇÃO.', 34.90, 120),
(3, 'SHAMPOO NUTRITIVO 300ML', 'SHAMPOO COM ÓLEO DE ARGAN, IDEAL PARA CABELOS SECOS E DANIFICADOS.', 29.90, 100),
(3, 'PALETA DE SOMBRAS NUDE', 'PALETA COM 12 CORES NEUTRAS DE LONGA DURAÇÃO E ALTA PIGMENTAÇÃO.', 59.90, 80),
(3, 'PERFUME FEMININO EAU DE PARFUM 50ML', 'FRAGRÂNCIA FLORAL FRUTADA COM NOTAS DE BAUNILHA E JASMIM.', 149.90, 60),
(3, 'PROTETOR SOLAR FPS 50', 'PROTETOR SOLAR FACIAL COM TOQUE SECO E ALTA PROTEÇÃO UVA/UVB.', 42.50, 150),

(4, 'ARROZ INTEGRAL 1KG', 'ARROZ INTEGRAL ORGÂNICO, FONTE DE FIBRAS E IDEAL PARA DIETAS SAUDÁVEIS.', 7.90, 200),
(4, 'FEIJÃO PRETO 1KG', 'FEIJÃO PRETO SELECIONADO, IDEAL PARA PREPARO DE FEIJOADA E PRATOS TÍPICOS.', 8.50, 180),
(4, 'ÓLEO DE COCO 500ML', 'ÓLEO DE COCO EXTRA VIRGEM, PRENSADO A FRIO, IDEAL PARA CULINÁRIA E USO NATURAL.', 22.90, 90),
(4, 'GRANOLA COM CASTANHAS 250G', 'GRANOLA CROCANTE COM CASTANHAS E FRUTAS SECAS, RICA EM FIBRAS.', 14.90, 120),
(4, 'BISCOITO INTEGRAL DE AVEIA 150G', 'BISCOITO INTEGRAL COM AVEIA E MEL, SEM ADIÇÃO DE AÇÚCAR.', 5.99, 150),

(7, 'CARRINHO DE CONTROLE REMOTO', 'CARRINHO ELÉTRICO COM CONTROLE REMOTO, ALCANCE DE 30 METROS.', 149.90, 50),
(7, 'QUEBRA-CABEÇA 500 PEÇAS', 'QUEBRA-CABEÇA COLORIDO COM 500 PEÇAS, PARA TODAS AS IDADES.', 59.90, 80),
(7, 'BONECA BARBIE FASHION', 'BONECA BARBIE COM ROUPAS FASHION E ACESSÓRIOS VARIADOS.', 89.90, 70),
(7, 'BLOCOS DE MONTAR 200 PEÇAS', 'CONJUNTO DE BLOCOS DE MONTAR PARA ESTIMULAR A CRIATIVIDADE.', 79.90, 100),
(7, 'JOGO DE TABULEIRO ESTRATÉGIA', 'JOGO DE TABULEIRO PARA 2 A 4 JOGADORES, COM FOCO EM ESTRATÉGIA.', 99.90, 40),

(13, 'CONJUNTO DE PANELAS ANTIADERENTES 5 PEÇAS', 'CONJUNTO COMPLETO DE PANELAS ANTIADERENTES, COM REVESTIMENTO DURÁVEL.', 299.90, 40),
(13, 'JOGO DE TALHERES 24 PEÇAS', 'JOGO DE TALHERES EM AÇO INOX, DESIGN MODERNO E RESISTENTE.', 149.90, 60),
(13, 'BATEDEIRA ELÉTRICA 500W', 'BATEDEIRA COM MÚLTIPLAS VELOCIDADES E TIGELA DE AÇO INOX.', 349.90, 25),
(13, 'CAFETEIRA ELÉTRICA 12 XÍCARAS', 'CAFETEIRA ELÉTRICA COM FILTRO REMOVÍVEL E DESLIGAMENTO AUTOMÁTICO.', 199.90, 30),
(13, 'LIQUIDIFICADOR 750W', 'LIQUIDIFICADOR POTENTE COM COPO DE VIDRO E VÁRIAS VELOCIDADES.', 259.90, 50),
(13, 'ESPREMEDOR DE FRUTAS MANUAL', 'ESPREMEDOR MANUAL PRÁTICO PARA LIMÕES, LARANJAS E OUTRAS FRUTAS.', 39.90, 100),
(13, 'JOGO DE POTES HERMÉTICOS 6 PEÇAS', 'CONJUNTO DE POTES HERMÉTICOS PARA ARMAZENAMENTO DE ALIMENTOS.', 79.90, 80),
(13, 'FAQUEIRO INOX 48 PEÇAS', 'FAQUEIRO COMPLETO EM INOX, COM DESIGN ELEGANTE E RESISTENTE.', 399.90, 20),
(13, 'PANELA DE PRESSÃO 4 LITROS', 'PANELA DE PRESSÃO COM SISTEMA DE SEGURANÇA E CABO ERGONÔMICO.', 179.90, 35),
(13, 'TOALHA DE MESA RETANGULAR 1,5M', 'TOALHA DE MESA EM TECIDO RESISTENTE, COM ESTAMPA CLÁSSICA.', 59.90, 90),

(8, 'A ARTE DA GUERRA', 'LIVRO CLÁSSICO DE ESTRATÉGIA MILITAR ESCRITO POR SUN TZU.', 39.90, 120),
(8, 'DOM CASMURRO', 'ROMANCE DE MACHADO DE ASSIS SOBRE AMOR E CIÚMES.', 29.90, 100),
(8, 'O PEQUENO PRÍNCIPE', 'HISTÓRIA POÉTICA DE ANTOINE DE SAINT-EXUPÉRY, PARA TODAS AS IDADES.', 34.90, 150),
(8, '1984', 'DISTOPIA DE GEORGE ORWELL QUE ABORDA TEMAS DE VIGILÂNCIA E CONTROLE.', 44.90, 90),
(8, 'A REVOLUÇÃO DOS BICHOS', 'FÁBULA POLÍTICA DE GEORGE ORWELL SOBRE REGIMES TOTALITÁRIOS.', 39.90, 80),
(8, 'HARRY POTTER E A PEDRA FILOSOFAL', 'PRIMEIRO LIVRO DA SAGA DO JOVEM BRUXO HARRY POTTER.', 49.90, 200),
(8, 'O SENHOR DOS ANÉIS: A SOCIEDADE DO ANEL', 'LIVRO DE FANTASIA ÉPICA DE J.R.R. TOLKIEN.', 59.90, 70),
(8, 'SAPIENS: UMA BREVE HISTÓRIA DA HUMANIDADE', 'LIVRO DE YUVAL NOAH HARARI QUE TRAÇA A EVOLUÇÃO DA HUMANIDADE.', 69.90, 60),
(8, 'A MENINA QUE ROUBAVA LIVROS', 'ROMANCE DE MARKUS ZUSAK SOBRE A VIDA DURANTE A SEGUNDA GUERRA MUNDIAL.', 39.90, 110),
(8, 'O ALQUIMISTA', 'ROMANCE DE PAULO COELHO SOBRE BUSCA E AUTOCONHECIMENTO.', 29.90, 130);

SELECT * FROM ECOMMERCE.PRODUTO


CLIENTE_ID, ENDERECO_ID, DATA_PEDIDO, VALOR_TOTAL, STATUS = PENDENTE

INSERT INTO ECOMMERCE.PEDIDO(CLIENTE_ID, ENDERECO_ID, DATA_PEDIDO, VALOR_TOTAL, STATUS) VALUES
(3, 5, '2025-08-28 14:23:00', 139.90, 'PROCESSANDO'),
(7, 12, '2025-08-29 09:15:00', 397.50, 'PENDENTE'),
(1, 1, '2025-08-30 17:45:00', 3299.00, 'CANCELADO'),
(15, 18, '2025-08-31 12:30:00', 2048.9, 'ENVIADO'),
(9, 9, '2025-09-01 11:00:00', 349.80, 'ENVIADO'),
(12, 3, '2025-09-01 16:10:00', 249.60, 'ENTREGUE');

SELECT * FROM ECOMMERCE.PEDIDO

SELECT *
FROM ECOMMERCE.CLIENTE
WHERE CLIENTE_ID IN (3,7,1,15,9,12)

SELECT *
FROM ECOMMERCE.ENDERECO_DE_ENTREGA
WHERE CLIENTE_ID IN (5,12,1,18,9,3)

INSERT INTO ECOMMERCE.ITEM_DO_PEDIDO(PEDIDO_ID, PRODUTO_ID, QUANTIDADE) VALUES 
(7, 1, 1),
(8, 4, 5),
(9, 7, 1),
(10, 8, 1),
(10, 6, 1),
(11, 11, 1),
(11, 12, 1),
(12, 16, 2),
(12, 17, 1),
(12, 19, 1);


INSERT INTO ECOMMERCE.PAGAMENTO(PEDIDO_ID, FORMA_PAGAMENTO, STATUS, DATA_PAGAMENTO)
VALUES  (7, 'CARTÃO DE CRÉDITO', 'APROVADO', '2025-08-28 14:33:00-03'),
		(8,'CARTÃO DE CRÉDITO', 'PENDENTE', '2025-08-29 09:15:00-03'),
		(9,'CARTÃO DE CRÉDITO', 'RECUSADO', '2025-08-30 17:48:00-03'),
		(10,'PIX', 'APROVADO', '2025-08-31 12:30:00-03'),
		(11,'BOLETO', 'APROVADO', '2025-09-02 11:06:00-03'),
		(12,'TRANSFERÊNCIA', 'APROVADO', '2025-09-01 16:19:00-03');


SELECT * FROM ECOMMERCE.PAGAMENTO